{
  "seed": 42,
  "n_samples": 100,
  "flat": {
    "welfare_mean": 519.2859890599618,
    "welfare_ci": [
      495.69426904684326,
      544.5394255286132
    ],
    "speeding_mean": 0.3575009157750202,
    "speeding_ci": [
      0.05217765187944805,
      0.835363501034852
    ],
    "gini_mean": 0.34296534352691416,
    "optimal_amount_mean": 3262.0,
    "optimal_amount_ci": [
      1237.5,
      5000.0
    ]
  },
  "income_based": {
    "welfare_mean": 520.1175589374272,
    "welfare_ci": [
      495.73529632961123,
      546.4608461001745
    ],
    "speeding_mean": 0.37028200571894204,
    "speeding_ci": [
      0.051829800451843946,
      0.9426924569904709
    ],
    "gini_mean": 0.3250785810821622,
    "optimal_rate_mean": 0.0756,
    "optimal_rate_ci": [
      0.02475,
      0.1
    ]
  },
  "comparison": {
    "welfare_difference_mean": -0.831569877465455,
    "welfare_difference_ci": [
      -3.2183559118767477,
      0.01731386622883227
    ],
    "p_flat_better": 0.05
  },
  "parameters": {
    "alpha_mean": 0.5,
    "beta_mean": 1.0,
    "vsl_mean": 11600000,
    "p_base_mean": 0.00012,
    "exponent_mean": 4.0,
    "mtr_source": "PolicyEngine US Enhanced CPS 2024",
    "n_agents": 50,
    "flat_grid": [
      50,
      100,
      200,
      500,
      1000,
      1500,
      2000,
      3000,
      5000
    ],
    "ib_grid": [
      0.001,
      0.005,
      0.01,
      0.02,
      0.03,
      0.05,
      0.08,
      0.1
    ]
  }
}